Wavelength,Abs,Wavelength2,PL
188.288,-0.27,610.26129,0.00321
188.764,-0.27,610.53528,0.00175
189.24,-0.27,610.80927,0.00175
189.717,-0.26,611.08325,0.00233
190.193,-0.19,611.35724,0.00292
190.669,-0.19,611.63123,0.000875
191.145,-0.08,611.90521,0.00175
191.622,-0.19,612.17914,0.00379
192.098,-0.39,612.45312,0.000583
192.574,-0.68,612.72711,0.00379
193.05,-1.22,613.0011,0.00292
193.526,-0.51,613.27509,0.00204
194.002,-0.19,613.54901,0.00292
194.479,-0.08,613.823,0.00146
194.955,-0.08,614.09698,0.000292
195.431,-0.38,614.37091,0.00233
195.907,-0.52,614.6449,0.00262
196.383,-0.19,614.91888,0.00175
196.859,-1.06,615.19281,0.00262
197.335,-0.19,615.4668,0.00146
197.811,-0.33,615.74072,0.000583
198.287,-0.1,616.01471,-0.000875
198.763,-0.19,616.2887,0.00262
199.239,-0.46,616.56262,0.000875
199.715,-0.19,616.83661,0.00292
200.191,0.23,617.11053,0.00175
200.667,0.8,617.38452,0.00175
201.143,0.61,617.65845,0.00321
201.619,0.5,617.93243,0.00262
202.094,0.67,618.20636,0.00321
202.57,0.72,618.48029,0.00146
203.046,0.28,618.75427,0.0035
203.522,0.68,619.0282,0.00233
203.998,-0.19,619.30219,0.00175
204.474,0.93,619.57611,0.000583
204.949,0.68,619.85004,0.00321
205.425,0.7,620.12402,0.00321
205.901,0.81,620.39795,0.00204
206.377,0.83,620.67188,0.000583
206.852,0.64,620.9458,0.00117
207.328,0.65,621.21979,0.00292
207.804,0.66,621.49371,0.00204
208.279,0.44,621.76764,0.00146
208.755,-0.19,622.04156,0.0035
209.231,0.42,622.31549,0.00233
209.706,0.86,622.58942,0.00117
210.182,0.79,622.86334,0.000875
210.657,0.46,623.13727,0.000875
211.133,0.85,623.41125,0.000875
211.608,1.27,623.68518,0.000875
212.084,1.24,623.95911,0.00437
212.559,0.39,624.23303,0.00175
213.035,0.68,624.50696,0.000875
213.51,1.18,624.78088,0.00146
213.986,0.91,625.05475,0.000583
214.461,0.61,625.32867,0.000583
214.937,-0.19,625.6026,0.000875
215.412,0.77,625.87653,0.000875
215.888,0.6,626.15045,0.00321
216.363,0.4,626.42438,0.00233
216.838,0.59,626.6983,0.00146
217.314,0.69,626.97217,-0.000583
217.789,0.75,627.24609,0.00321
218.264,1.1,627.52002,0.000583
218.74,0.36,627.79395,0.00262
219.215,0.52,628.06781,-0.000292
219.69,-0.19,628.34174,0.00117
220.165,0.61,628.61566,0.00292
220.641,-0.19,628.88953,0.00204
221.116,0.92,629.16345,0.00321
221.591,0.85,629.43732,0.00233
222.066,0.78,629.71124,0.00146
222.541,0.51,629.98511,0.00262
223.016,0.62,630.25903,0
223.492,0.8,630.5329,0
223.967,0.43,630.80682,0.0035
224.442,0.78,631.08069,0.000292
224.917,0.82,631.35461,0.0035
225.392,0.92,631.62848,0.00204
225.867,0.44,631.90234,0.00233
226.342,0.74,632.17627,0.00204
226.817,-0.19,632.45013,0.00233
227.292,0.33,632.724,0.00408
227.767,0.39,632.99792,0.00379
228.242,0.82,633.27179,0.0035
228.717,0.45,633.54565,0.00117
229.192,1.89,633.81952,0.00379
229.667,0.49,634.09338,0.00117
230.142,0.81,634.36731,0.00321
230.617,0.61,634.64117,0.00262
231.091,1.47,634.91504,0.00146
231.566,0.51,635.1889,0.00233
232.041,0.67,635.46277,-0.000583
232.516,0.32,635.73663,0.000875
232.991,1.11,636.0105,-0.000583
233.465,1.06,636.28436,0.00233
233.94,0.25,636.55823,0.00321
234.415,0.33,636.83209,0.00321
234.89,-0.19,637.10596,0.00233
235.364,0.25,637.37976,0.000292
235.839,-0.19,637.65363,0.00175
236.314,0.72,637.92749,-0.000583
236.788,0.32,638.20135,0.000875
237.263,0.46,638.47522,0.00204
237.738,0.39,638.74902,0.00204
238.212,0.34,639.02289,0.00146
238.687,0.26,639.29675,0.00204
239.161,0.41,639.57056,0.000875
239.636,0.4,639.84442,0.00117
240.11,0.49,640.11829,0.00204
240.585,-0.19,640.39209,0.00262
241.059,0.51,640.66595,0.00204
241.534,0.28,640.93976,0.000583
242.008,0.46,641.21362,0.00466
242.483,0.45,641.48743,0
242.957,0.66,641.76129,0.00233
243.432,0.87,642.0351,0.00292
243.906,0.56,642.3089,-0.000583
244.38,0.6,642.58276,0.000875
244.855,0.41,642.85657,0.000875
245.329,0.35,643.13037,0.00117
245.804,0.34,643.40417,0.00379
246.278,0.66,643.67804,0.00175
246.752,0.69,643.95184,0.00117
247.226,0.47,644.22565,0.00233
247.701,0.59,644.49945,0.00408
248.175,0.37,644.77325,0.0035
248.649,0.39,645.04706,0.000583
249.123,0.79,645.32086,0.00204
249.598,0.53,645.59467,0.00117
250.072,0.54,645.86847,0.00204
250.546,0.48,646.14227,0
251.02,0.62,646.41608,-0.000583
251.494,0.53,646.68988,0.000583
251.968,0.61,646.96368,0.00262
252.442,0.34,647.23749,0.00379
252.916,0.51,647.51129,0.00175
253.39,0.33,647.7851,0.00262
253.864,0.25,648.05884,0.00117
254.338,0.41,648.33264,0.000583
254.812,0.5,648.60645,0.000875
255.286,0.52,648.88019,0.00117
255.76,0.3,649.15399,0.00233
256.234,0.51,649.4278,0.00292
256.708,0.51,649.70154,0.00321
257.182,0.41,649.97534,0.00292
257.656,0.51,650.24908,0.00175
258.13,0.46,650.52289,0.00146
258.604,0.55,650.79663,0.00408
259.078,0.34,651.07043,0.00204
259.551,0.56,651.34418,0.00262
260.025,0.53,651.61792,0.00262
260.499,0.41,651.89172,0.00262
260.973,0.54,652.16547,0.00408
261.447,0.5,652.43921,0.00379
261.92,0.44,652.71295,0.00379
262.394,0.5,652.98676,0.00321
262.868,0.7,653.2605,0.0035
263.341,0.5,653.53424,0.00233
263.815,0.48,653.80798,0.00262
264.289,0.38,654.08173,0.00408
264.762,0.5,654.35547,0.00146
265.236,0.41,654.62921,0.00204
265.709,0.52,654.90295,0.00204
266.183,0.83,655.1767,0.00321
266.657,0.65,655.45044,0.00175
267.13,0.57,655.72418,0.00233
267.604,0.5,655.99786,0.00262
268.077,0.46,656.27161,0.00321
268.551,0.86,656.54535,0.00146
269.024,0.69,656.81909,0.00496
269.498,0.5,657.09277,0.00175
269.971,0.41,657.36652,0.00321
270.444,0.54,657.64026,0.00321
270.918,0.91,657.91394,0.00262
271.391,0.83,658.18768,0.00233
271.864,0.7,658.46136,0.00117
272.338,0.74,658.73511,0.00262
272.811,0.58,659.00879,0.00204
273.284,0.69,659.28253,0.00408
273.758,0.53,659.55621,0.00233
274.231,0.4,659.8299,0.00321
274.704,0.68,660.10364,0.00408
275.177,0.63,660.37732,0.00292
275.651,0.51,660.651,0.00233
276.124,0.69,660.92468,0.00379
276.597,0.42,661.19843,0.00321
277.07,0.47,661.47211,0.00175
277.543,0.88,661.74579,0.00292
278.016,0.54,662.01947,0.00496
278.49,0.7,662.29315,0.00262
278.963,0.52,662.56683,0.00321
279.436,0.44,662.84052,0.00408
279.909,0.51,663.1142,0.00262
280.382,0.53,663.38788,0.00466
280.855,0.7,663.6615,0.00321
281.328,1.24,663.93518,0.00321
281.801,0.48,664.20886,0.0035
282.274,0.6,664.48254,0.00175
282.747,0.93,664.75616,0.00146
283.22,0.93,665.02985,0.00233
283.693,0.98,665.30353,0.00204
284.165,0.65,665.57715,0.00117
284.638,0.5,665.85083,0.0035
285.111,0.47,666.12445,0.0035
285.584,0.73,666.39813,0.00146
286.057,0.69,666.67175,0.00204
286.53,0.57,666.94543,0.0035
287.002,0.89,667.21906,0.00146
287.475,0.58,667.49268,0.00408
287.948,0.62,667.76636,0.00262
288.421,0.6,668.03998,0.00496
288.893,0.59,668.3136,0.00321
289.366,0.55,668.58722,0.00146
289.839,1.62,668.86084,0.00466
290.311,0.65,669.13446,0.00554
290.784,1.4,669.40808,0.00233
291.256,1.78,669.6817,0.00408
291.729,0.84,669.95532,0.00525
292.202,0.78,670.22894,0.00204
292.674,-0.19,670.50256,0.00437
293.147,0.92,670.77618,0.00321
293.619,0.82,671.0498,0.00175
294.092,1.46,671.32343,0.00175
294.564,0.91,671.59698,0.0035
295.037,1,671.87061,0.00321
295.509,1.58,672.14423,0.00408
295.982,1,672.41779,0.00408
296.454,0.97,672.69141,0.00233
296.926,1.23,672.96497,0.00292
297.399,1.31,673.23859,0.00437
297.871,1.14,673.51215,0.0035
298.343,1.66,673.78577,0.00466
298.816,1.17,674.05933,0.00292
299.288,1.15,674.33295,0.0035
299.76,1.57,674.60651,0.00583
300.233,1.24,674.88007,0.00321
300.705,1.56,675.15363,0.00379
301.177,1.48,675.42719,0.00612
301.649,1.64,675.70081,0.00437
302.121,1.62,675.97437,0.00525
302.594,2.18,676.24792,0.00525
303.066,2.04,676.52148,0.00437
303.538,1.9,676.79504,0.0035
304.01,1.78,677.0686,0.00466
304.482,1.56,677.3421,0.00292
304.954,1.61,677.61566,0.00408
305.426,2.65,677.88922,0.00525
305.898,1.7,678.16278,0.00466
306.37,1.78,678.43634,0.00554
306.842,2.37,678.70984,0.00525
307.314,1.72,678.9834,0.00496
307.786,1.86,679.2569,0.00466
308.258,1.89,679.53046,0.00466
308.73,1.87,679.80396,0.00408
309.202,1.91,680.07751,0.00641
309.674,1.87,680.35101,0.00466
310.146,1.79,680.62457,0.00466
310.617,2.05,680.89807,0.00379
311.089,2.21,681.17157,0.00437
311.561,2.02,681.44507,0.00437
312.033,1.96,681.71863,0.00612
312.505,2.44,681.99213,0.00671
312.976,2,682.26562,0.00525
313.448,2.28,682.53912,0.00554
313.92,2.22,682.81262,0.00729
314.391,2.92,683.08612,0.00787
314.863,2.71,683.35962,0.00466
315.335,2.45,683.63312,0.007
315.806,2.32,683.90662,0.007
316.278,2.54,684.18005,0.00729
316.75,2.37,684.45355,0.00816
317.221,2.76,684.72705,0.00671
317.693,2.37,685.00049,0.00437
318.164,2.43,685.27399,0.00496
318.636,2.27,685.54749,0.00641
319.107,2.48,685.82092,0.00641
319.579,3.99,686.09442,0.00641
320.05,2.82,686.36786,0.00612
320.522,2.41,686.6413,0.00612
320.993,2.23,686.91479,0.00496
321.465,2.43,687.18823,0.007
321.936,2.31,687.46167,0.00845
322.407,2.76,687.73511,0.00612
322.879,2.64,688.00861,0.00671
323.35,2.52,688.28204,0.00554
323.821,2.47,688.55548,0.00875
324.293,2.78,688.82892,0.007
324.764,2.83,689.10236,0.00758
325.235,2.53,689.37579,0.007
325.706,2.57,689.64923,0.00816
326.178,2.77,689.92261,0.00845
326.649,2.6,690.19604,0.00845
327.12,2.51,690.46948,0.00787
327.591,2.53,690.74292,0.00991
328.062,2.5,691.0163,0.01137
328.533,2.7,691.28973,0.00991
329.004,2.57,691.56311,0.00933
329.475,3.1,691.83655,0.0105
329.947,2.57,692.10992,0.01254
330.418,2.6,692.38336,0.00991
330.889,2.68,692.65674,0.00991
331.36,2.79,692.93011,0.01224
331.831,2.69,693.20355,0.00991
332.301,2.94,693.47693,0.01195
332.772,2.85,693.75031,0.00991
333.243,2.59,694.02368,0.00904
333.714,2.68,694.29706,0.01224
334.185,2.5,694.57043,0.01166
334.656,2.62,694.84381,0.01079
335.127,2.51,695.11719,0.01283
335.598,2.57,695.39056,0.01312
336.068,2.62,695.66394,0.01312
336.539,2.65,695.93726,0.01254
337.01,2.85,696.21063,0.01429
337.481,2.53,696.48401,0.01166
337.951,2.52,696.75732,0.01487
338.422,2.59,697.0307,0.01662
338.893,2.93,697.30408,0.0137
339.363,2.57,697.57739,0.0137
339.834,2.61,697.85071,0.01399
340.305,2.83,698.12408,0.01691
340.775,2.9,698.3974,0.01662
341.246,2.75,698.67072,0.01895
341.717,2.57,698.94409,0.01545
342.187,2.91,699.21741,0.01691
342.658,2.88,699.49072,0.01778
343.128,2.79,699.76404,0.01749
343.599,2.6,700.03735,0.01837
344.069,2.55,700.31067,0.01603
344.539,2.84,700.58398,0.01866
345.01,2.38,700.8573,0.01953
345.48,2.64,701.13055,0.01778
345.951,2.66,701.40387,0.02187
346.421,2.79,701.67719,0.0207
346.891,2.57,701.9505,0.01895
347.362,2.6,702.22375,0.02187
347.832,2.59,702.49707,0.0207
348.302,2.59,702.77032,0.02099
348.773,2.96,703.04364,0.02303
349.243,2.53,703.31689,0.02536
349.713,2.62,703.59015,0.0242
350.183,2.83,703.86346,0.02449
350.653,2.62,704.13672,0.02391
351.124,2.52,704.40997,0.02362
351.594,2.88,704.68323,0.02391
352.064,2.78,704.95648,0.02362
352.534,2.5,705.22974,0.02915
353.004,2.65,705.50299,0.02595
353.474,2.76,705.77625,0.02536
353.944,2.72,706.0495,0.02799
354.414,2.6,706.32275,0.02828
354.884,2.57,706.59601,0.02799
355.354,2.68,706.8692,0.02886
355.824,2.82,707.14246,0.0309
356.294,2.62,707.41571,0.03178
356.764,2.59,707.6889,0.03499
357.234,2.78,707.96216,0.03236
357.704,2.62,708.23535,0.03528
358.174,2.79,708.50854,0.0344
358.644,2.61,708.7818,0.03324
359.113,2.52,709.05499,0.03557
359.583,2.64,709.32819,0.03732
360.053,2.67,709.60138,0.03528
360.523,2.62,709.87463,0.03644
360.993,2.63,710.14783,0.04257
361.462,2.75,710.42102,0.04082
361.932,2.5,710.69421,0.03878
362.402,2.7,710.96735,0.04431
362.871,2.78,711.24054,0.04257
363.341,2.76,711.51373,0.04286
363.811,2.52,711.78693,0.04548
364.28,2.7,712.06006,0.04694
364.75,2.52,712.33325,0.04606
365.219,2.67,712.60645,0.04781
365.689,2.83,712.87958,0.04985
366.158,2.75,713.15277,0.05015
366.628,2.61,713.4259,0.04927
367.097,2.68,713.69904,0.05423
367.567,2.57,713.97217,0.05044
368.036,2.91,714.24536,0.05423
368.506,3.68,714.51849,0.05248
368.975,2.76,714.79163,0.06064
369.445,2.67,715.06476,0.05423
369.914,2.76,715.33789,0.05918
370.383,2.77,715.61102,0.05889
370.853,2.75,715.88416,0.0621
371.322,2.9,716.15729,0.06618
371.791,2.8,716.43036,0.06618
372.26,2.69,716.70349,0.06531
372.73,2.85,716.97662,0.06822
373.199,2.66,717.24969,0.06676
373.668,2.63,717.52283,0.06793
374.137,2.64,717.7959,0.06939
374.606,2.72,718.06903,0.07551
375.075,2.57,718.3421,0.0688
375.545,2.6,718.61517,0.07901
376.014,2.88,718.88831,0.07318
376.483,2.89,719.16138,0.07988
376.952,2.75,719.43445,0.08134
377.421,2.73,719.70752,0.0828
377.89,2.54,719.98059,0.08863
378.359,2.66,720.25366,0.0828
378.828,2.73,720.52673,0.08426
379.297,2.97,720.7998,0.0898
379.766,2.91,721.07281,0.09067
380.235,2.94,721.34589,0.09155
380.703,2.72,721.61896,0.0965
381.172,2.76,721.89197,0.09708
381.641,2.73,722.16504,0.10029
382.11,2.68,722.43805,0.10321
382.579,2.7,722.71112,0.09942
383.048,2.84,722.98413,0.1035
383.516,2.8,723.25714,0.10845
383.985,2.59,723.53021,0.11166
384.454,2.68,723.80322,0.11662
384.922,2.65,724.07623,0.11195
385.391,2.68,724.34924,0.11691
385.86,2.87,724.62225,0.12041
386.328,2.74,724.89526,0.12478
386.797,2.52,725.16827,0.12449
387.266,2.83,725.44122,0.12595
387.734,2.93,725.71423,0.12711
388.203,2.74,725.98724,0.13411
388.671,3.17,726.26019,0.1344
389.14,2.89,726.5332,0.1379
389.608,2.98,726.80621,0.14373
390.077,2.69,727.07916,0.14606
390.545,2.87,727.35211,0.1481
391.014,2.56,727.62512,0.15073
391.482,2.71,727.89807,0.15015
391.95,2.8,728.17102,0.16181
392.419,2.65,728.44397,0.16035
392.887,2.81,728.71692,0.16706
393.355,2.95,728.98987,0.1688
393.824,2.74,729.26282,0.17026
394.292,2.6,729.53577,0.17784
394.76,2.57,729.80872,0.1793
395.229,2.63,730.08167,0.17784
395.697,2.64,730.35455,0.18338
396.165,2.78,730.6275,0.18746
396.633,2.67,730.90045,0.18892
397.101,2.56,731.17334,0.20175
397.569,2.78,731.44623,0.20204
398.038,2.76,731.71918,0.20612
398.506,2.56,731.99207,0.20904
398.974,2.84,732.26495,0.21079
399.442,2.64,732.5379,0.21749
399.91,2.55,732.81079,0.22566
400.378,3.03,733.08368,0.22566
400.846,2.69,733.35657,0.23324
401.314,2.7,733.62946,0.23703
401.782,2.89,733.90228,0.24111
402.25,2.73,734.17517,0.2414
402.717,2.74,734.44806,0.25102
403.185,2.89,734.72095,0.25627
403.653,2.84,734.99377,0.26356
404.121,2.75,735.26666,0.26822
404.589,2.9,735.53949,0.2723
405.057,2.74,735.81238,0.28163
405.524,2.7,736.08521,0.27872
405.992,2.85,736.35803,0.29038
406.46,2.68,736.63086,0.29621
406.928,2.65,736.90375,0.3035
407.395,2.89,737.17657,0.30671
407.863,2.76,737.4494,0.3172
408.331,2.62,737.72223,0.32478
408.798,2.88,737.99506,0.32741
409.266,2.61,738.26782,0.33149
409.733,2.67,738.54065,0.33673
410.201,3.06,738.81348,0.35219
410.668,2.75,739.08624,0.35656
411.136,2.6,739.35907,0.36793
411.603,3,739.63184,0.37114
412.071,2.61,739.90466,0.37988
412.538,2.66,740.17743,0.38805
413.006,2.79,740.4502,0.40146
413.473,2.73,740.72302,0.39738
413.941,2.62,740.99579,0.4137
414.408,3.08,741.26855,0.41749
414.875,2.75,741.54132,0.42449
415.343,2.53,741.81409,0.43936
415.81,2.92,742.08685,0.45773
416.277,2.66,742.35962,0.45714
416.744,2.77,742.63232,0.46472
417.212,3.38,742.90509,0.46968
417.679,2.56,743.17786,0.48017
418.146,2.61,743.45056,0.48717
418.613,2.72,743.72333,0.49038
419.08,2.56,743.99603,0.5035
419.548,2.93,744.26874,0.51458
420.015,2.81,744.5415,0.53586
420.482,2.95,744.81421,0.53761
420.949,2.42,745.08691,0.54577
421.416,2.8,745.35962,0.55335
421.883,2.66,745.63232,0.56676
422.35,2.78,745.90503,0.5793
422.817,2.65,746.17773,0.57434
423.284,2.63,746.45038,0.59796
423.751,2.47,746.72308,0.59621
424.218,2.66,746.99579,0.61254
424.684,2.73,747.26843,0.62216
425.151,2.7,747.54114,0.63528
425.618,2.77,747.81378,0.64636
426.085,2.9,748.08649,0.6519
426.552,2.62,748.35913,0.64723
427.019,2.6,748.63177,0.66735
427.485,2.87,748.90442,0.6723
427.952,2.72,749.17706,0.68455
428.419,2.69,749.44971,0.70321
428.885,2.7,749.72235,0.70641
429.352,2.6,749.995,0.72507
429.819,2.7,750.26764,0.7344
430.285,2.88,750.54028,0.73382
430.752,2.68,750.81287,0.7519
431.219,2.71,751.08551,0.76064
431.685,2.72,751.35809,0.77522
432.152,2.74,751.63074,0.76443
432.618,2.71,751.90332,0.78251
433.085,2.96,752.17596,0.79038
433.551,2.82,752.44855,0.80437
434.018,2.6,752.72113,0.82041
434.484,2.69,752.99371,0.8207
434.95,2.58,753.2663,0.83499
435.417,2.98,753.53888,0.83061
435.883,2.63,753.81146,0.85569
436.349,2.79,754.08405,0.84781
436.816,2.69,754.35657,0.86764
437.282,2.81,754.62915,0.87405
437.748,2.64,754.90173,0.8793
438.215,2.68,755.17426,0.8863
438.681,2.73,755.44684,0.88688
439.147,2.7,755.71936,0.91662
439.613,2.64,755.99188,0.90087
440.079,2.63,756.2644,0.91633
440.545,2.51,756.53699,0.91808
441.012,3.11,756.80951,0.91633
441.478,2.84,757.08203,0.92886
441.944,2.84,757.35455,0.94985
442.41,2.59,757.62701,0.93819
442.876,2.77,757.89954,0.9449
443.342,2.67,758.17206,0.94461
443.808,2.62,758.44452,0.96793
444.274,2.86,758.71704,0.9691
444.74,2.73,758.9895,0.97493
445.206,2.63,759.26202,0.9688
445.671,2.74,759.53448,0.96968
446.137,2.83,759.80695,0.96997
446.603,2.45,760.07947,0.97405
447.069,2.71,760.35193,0.97668
447.535,2.68,760.62439,0.97638
448.001,2.57,760.89685,0.98105
448.466,2.82,761.16931,0.97434
448.932,2.77,761.44171,0.98134
449.398,2.8,761.71417,0.9863
449.863,2.74,761.98663,1
450.329,3.05,762.25903,1
450.795,2.66,762.53149,0.97813
451.26,2.79,762.80389,0.9895
451.726,3,763.07635,0.99329
452.191,2.93,763.34875,0.97901
452.657,2.79,763.62115,0.99796
453.123,2.94,763.89355,0.993
453.588,2.67,764.16595,0.97901
454.054,2.65,764.43835,0.99767
454.519,3.01,764.71075,0.98222
454.984,2.68,764.98315,0.97464
455.45,2.64,765.25555,0.98076
455.915,3.11,765.52789,0.98426
456.381,2.61,765.80029,0.97201
456.846,2.6,766.07263,0.97259
457.311,2.82,766.34503,0.97114
457.777,2.55,766.61737,0.97259
458.242,2.69,766.88971,0.96093
458.707,2.79,767.16211,0.9519
459.172,2.66,767.43445,0.93936
459.638,2.77,767.70679,0.94985
460.103,2.83,767.97913,0.94898
460.568,2.79,768.25146,0.93061
461.033,2.75,768.52374,0.93528
461.498,3.06,768.79608,0.91924
461.963,2.74,769.06842,0.93528
462.428,2.78,769.3407,0.91778
462.893,3.07,769.61304,0.90962
463.358,2.66,769.88531,0.89767
463.823,2.83,770.15765,0.88776
464.288,2.96,770.42993,0.89242
464.753,2.73,770.70221,0.89096
465.218,2.87,770.97449,0.87551
465.683,2.92,771.24677,0.85423
466.148,2.61,771.51904,0.87347
466.613,2.78,771.79132,0.85627
467.078,3.03,772.0636,0.85714
467.543,2.86,772.33582,0.83382
468.007,2.81,772.60809,0.82799
468.472,2.8,772.88037,0.83061
468.937,2.78,773.15259,0.81837
469.402,2.74,773.4248,0.81254
469.866,2.84,773.69708,0.7965
470.331,2.78,773.9693,0.793
470.796,2.82,774.24152,0.79563
471.26,2.91,774.51373,0.78076
471.725,2.8,774.78595,0.77843
472.19,2.71,775.05817,0.76385
472.654,2.76,775.33038,0.74286
473.119,2.81,775.6026,0.73994
473.583,2.74,775.87476,0.73294
474.048,2.88,776.14697,0.72099
474.512,2.7,776.41913,0.7137
474.977,2.8,776.69135,0.70321
475.441,2.88,776.9635,0.69504
475.906,2.84,777.23566,0.68426
476.37,2.87,777.50781,0.66443
476.834,2.85,777.78003,0.67026
477.299,2.69,778.05219,0.64694
477.763,2.92,778.32428,0.65569
478.227,2.93,778.59644,0.63761
478.692,2.86,778.86859,0.63324
479.156,2.78,779.14075,0.6344
479.62,2.98,779.41284,0.61399
480.084,2.81,779.685,0.59184
480.548,2.72,779.95709,0.60233
481.013,2.78,780.22925,0.58863
481.477,2.87,780.50134,0.57755
481.941,2.71,780.77344,0.56764
482.405,2.85,781.04553,0.55948
482.869,2.9,781.31763,0.54461
483.333,2.79,781.58972,0.55102
483.797,2.75,781.86182,0.53294
484.261,2.77,782.13391,0.53382
484.725,2.84,782.40594,0.5242
485.189,2.75,782.67804,0.50525
485.653,2.81,782.95007,0.5137
486.117,2.8,783.22217,0.50292
486.581,3.01,783.4942,0.49854
487.044,2.95,783.7663,0.47988
487.508,2.86,784.03833,0.47201
487.972,2.83,784.31036,0.46443
488.436,2.72,784.5824,0.45977
488.9,2.67,784.85443,0.43907
489.363,2.69,785.12646,0.4449
489.827,2.75,785.39844,0.43207
490.291,2.63,785.67047,0.43294
490.754,2.67,785.9425,0.41837
491.218,2.76,786.21448,0.42682
491.682,2.73,786.48645,0.41341
492.145,2.74,786.75848,0.40058
492.609,2.7,787.03046,0.40554
493.072,2.7,787.30243,0.39009
493.536,2.75,787.5744,0.37872
493.999,2.9,787.84637,0.38047
494.463,2.74,788.11835,0.37318
494.926,2.76,788.39032,0.36618
495.39,2.75,788.66229,0.36064
495.853,2.6,788.9342,0.34461
496.316,2.66,789.20618,0.35131
496.78,2.75,789.47809,0.34752
497.243,2.72,789.75006,0.33965
497.706,2.7,790.02197,0.33732
498.17,2.68,790.29388,0.31866
498.633,2.9,790.5658,0.32274
499.096,2.76,790.83771,0.30612
499.559,2.73,791.10962,0.31312
500.023,2.96,791.38153,0.29767
500.486,2.7,791.65344,0.29446
500.949,2.79,791.92535,0.29475
501.412,3,792.1972,0.28863
501.875,2.71,792.46912,0.2863
502.338,2.7,792.74097,0.28192
502.801,3.23,793.01282,0.2723
503.264,2.71,793.28473,0.27405
503.727,2.89,793.55658,0.2621
504.19,2.81,793.82843,0.26064
504.653,2.82,794.10028,0.25073
505.116,2.75,794.37213,0.24665
505.579,2.82,794.64398,0.24636
506.042,2.85,794.91577,0.24111
506.505,2.76,795.18762,0.23644
506.967,2.88,795.45947,0.23236
507.43,2.97,795.73126,0.22274
507.893,2.75,796.00305,0.22682
508.356,2.84,796.2749,0.21866
508.819,2.77,796.54669,0.21195
509.281,2.71,796.81848,0.21166
509.744,2.9,797.09027,0.20379
510.207,2.79,797.36206,0.19475
510.669,2.74,797.63385,0.19971
511.132,2.82,797.90558,0.19359
511.594,2.79,798.17737,0.18717
512.057,2.79,798.44916,0.18863
512.52,2.75,798.72089,0.1828
512.982,2.68,798.99261,0.18047
513.445,2.69,799.2644,0.16706
513.907,2.81,799.53613,0.17347
514.369,2.69,799.80786,0.16501
514.832,2.73,800.07959,0.16589
515.294,2.9,800.35132,0.16327
515.757,2.64,800.62305,0.16035
516.219,2.64,800.89471,0.15977
516.681,2.93,801.16644,0.1519
517.144,2.73,801.43817,0.15219
517.606,2.77,801.70984,0.14723
518.068,2.76,801.98157,0.14519
518.53,2.69,802.25323,0.14023
518.993,2.74,802.5249,0.13732
519.455,3.09,802.79657,0.13499
519.917,2.94,803.06824,0.13499
520.379,2.66,803.3399,0.12886
520.841,3.01,803.61157,0.12653
521.303,2.82,803.88324,0.12595
521.765,2.61,804.15485,0.12332
522.227,3.01,804.42651,0.11895
522.689,2.74,804.69812,0.11895
523.151,2.54,804.96979,0.11778
523.613,2.81,805.24139,0.11079
524.075,2.76,805.513,0.10933
524.537,2.74,805.78461,0.10787
524.999,2.83,806.05621,0.10758
525.461,2.63,806.32782,0.10408
525.923,2.54,806.59943,0.10583
526.385,2.84,806.87103,0.09942
526.846,2.69,807.14258,0.09446
527.308,2.8,807.41418,0.093
527.77,2.71,807.68573,0.09329
528.232,2.6,807.95728,0.09271
528.693,2.76,808.22888,0.08834
529.155,2.81,808.50043,0.08659
529.617,2.58,808.77197,0.0828
530.078,2.68,809.04352,0.08455
530.54,2.71,809.31506,0.0828
531.001,2.59,809.58661,0.08163
531.463,2.72,809.85809,0.08076
531.924,2.67,810.12964,0.08076
532.386,2.63,810.40112,0.07974
532.847,2.53,810.67267,0.07873
533.309,2.77,810.94415,0.07772
533.77,2.61,811.21564,0.0767
534.232,2.73,811.48712,0.07569
534.693,2.67,811.75861,0.07468
535.154,2.79,812.03009,0.07366
535.616,2.66,812.30157,0.07265
536.077,2.8,812.57306,0.07164
536.538,2.69,812.84448,0.07062
536.999,2.78,813.11597,0.06961
537.461,2.7,813.38739,0.0686
537.922,2.76,813.65887,0.06758
538.383,2.61,813.9303,0.06657
538.844,2.58,814.20172,0.06556
539.305,2.57,814.47314,0.06454
539.766,2.55,814.74457,0.06353
540.227,2.56,815.01599,0.06252
540.688,2.69,815.28741,0.0615
541.15,2.67,815.55878,0.06049
541.611,2.59,815.8302,0.05948
542.071,2.72,816.10156,0.05847
542.532,2.48,816.37299,0.05745
542.993,2.56,816.64435,0.05644
543.454,2.64,816.91571,0.05543
543.915,2.79,817.18707,0.05441
544.376,2.63,817.45844,0.0534
544.837,2.65,817.7298,0.05239
545.298,2.56,818.00116,0.05137
545.758,2.61,818.27252,0.05036
546.219,2.66,818.54382,0.04935
546.68,2.67,818.81519,0.04834
547.141,2.82,819.08649,0.04732
547.601,2.63,819.35785,0.04631
548.062,2.69,819.62915,0.0453
548.522,2.65,819.90045,0.04428
548.983,2.58,820.17175,0.04327
549.444,2.65,820.44305,0.04226
549.904,2.53,820.71436,0.04125
550.365,2.59,820.9856,0.04023
550.825,2.84,821.2569,0.03819
551.286,2.57,821.52814,0.03586
551.746,2.62,821.79944,0.03703
552.207,2.54,822.07068,0.03557
552.667,2.47,822.34192,0.03382
553.127,2.65,822.61316,0.03149
553.588,2.6,822.88446,0.03207
554.048,2.72,823.15564,0.03178
554.508,2.68,823.42688,0.03061
554.969,2.6,823.69812,0.03061
555.429,2.59,823.96936,0.03149
555.889,2.61,824.24054,0.03032
556.349,2.58,824.51172,0.0312
556.809,2.63,824.78296,0.02945
557.27,2.51,825.05414,0.02915
557.73,2.58,825.32532,0.03061
558.19,2.56,825.5965,0.02974
558.65,2.53,825.86768,0.03061
559.11,2.58,826.13885,0.02945
559.57,2.57,826.41003,0.0312
560.03,2.48,826.68115,0.03294
560.49,2.49,826.95233,0.02711
560.95,2.55,827.22345,0.02595
561.41,2.46,827.49457,0.0277
561.87,2.52,827.76575,0.02566
562.329,2.51,828.03687,0.02711
562.789,2.49,828.30798,0.02886
563.249,2.54,828.5791,0.02653
563.709,2.44,828.85016,0.0277
564.169,2.41,829.12128,0.02915
564.628,2.45,829.3924,0.02711
565.088,2.43,829.66345,0.0277
565.548,2.44,829.93457,0.02886
566.008,2.46,830.20563,0.02624
566.467,2.4,830.47668,0.02945
566.927,2.44,830.74774,0.02945
567.386,2.44,831.0188,0.02828
567.846,2.39,831.28986,0.02566
568.305,2.35,831.56091,0.02449
568.765,2.42,831.83191,0.02595
569.224,2.33,832.10297,0.02624
569.684,2.41,832.37396,0.02566
570.143,2.37,832.64502,0.02566
570.603,2.38,832.91602,0.02157
571.062,2.36,833.18701,0.01983
571.521,2.48,833.45801,0.01837
571.981,2.3,833.729,0.01778
572.44,2.3,834,0.01516
572.899,2.4,834.271,0.01603
573.359,2.33,834.54193,0.0137
573.818,2.36,834.81293,0.01516
574.277,2.38,835.08386,0.01458
574.736,2.3,835.35486,0.01399
575.195,2.32,835.62579,0.01399
575.655,2.31,835.89673,0.01254
576.114,2.29,836.16766,0.01166
576.573,2.29,836.4386,0.01283
577.032,2.33,836.70947,0.01108
577.491,2.26,836.98041,0.01254
577.95,2.26,837.25134,0.0105
578.409,2.26,837.52222,0.01137
578.868,2.23,837.79315,0.01195
579.327,2.25,838.06403,0.01137
579.786,2.28,838.3349,0.01166
580.244,2.23,838.60577,0.01108
580.703,2.2,838.87665,0.01108
581.162,2.25,839.14752,0.00962
581.621,2.2,839.4184,0.01166
582.08,2.21,839.68921,0.00962
582.538,2.2,839.96008,0.01079
582.997,2.18,840.2309,0.00904
583.456,2.16,840.50171,0.00845
583.914,2.17,840.77258,0.00991
584.373,2.15,841.0434,0.00758
584.832,2.16,841.31421,0.00758
585.29,2.16,841.58502,0.00787
585.749,2.13,841.85577,0.00933
586.207,2.15,842.12659,0.0102
586.666,2.15,842.3974,0.00904
587.124,2.12,842.66815,0.00787
587.583,2.12,842.9389,0.00816
588.041,2.12,843.20972,0.00904
588.5,2.09,843.48047,0.007
588.958,2.08,843.75122,0.00875
589.416,2.09,844.02197,0.00729
589.875,2.09,844.29266,0.00787
590.333,2.08,844.56342,0.007
590.791,2.11,844.83417,0.00612
591.249,2.07,845.10486,0.00641
591.708,2.03,845.37555,0.00583
592.166,2.05,845.6463,0.00729
592.624,2.03,845.91699,0.007
593.082,2.03,846.18768,0.00671
593.54,2.02,846.45837,0.00816
593.998,2.02,846.72906,0.00554
594.456,2.02,846.99969,0.00671
594.914,2.02,847.27039,0.00554
595.372,2.01,847.54102,0.00933
595.83,2.02,847.81171,0.00554
596.288,2,848.08234,0.00758
596.746,1.99,848.35297,0.00758
597.204,1.98,848.6236,0.00437
597.662,1.98,848.89423,0.00466
598.12,1.98,849.16486,0.00554
598.578,1.97,849.43549,0.00554
599.036,1.95,849.70605,0.00758
599.493,1.95,849.97668,0.007
599.951,1.92,850.24725,0.00612
600.409,1.94,850.51788,0.00379
600.866,1.93,850.78845,0.00671
601.324,1.92,851.05902,0.00466
601.782,1.9,851.32959,0.0035
602.239,1.9,851.60016,0.00641
602.697,1.9,851.87067,0.00408
603.155,1.89,852.14124,0.007
603.612,1.9,852.41174,0.0035
604.07,1.88,852.68231,0.00525
604.527,1.86,852.95282,0.00466
604.985,1.86,853.22333,0.00583
605.442,1.86,853.49384,0.007
605.899,1.85,853.76434,0.00379
606.357,1.85,854.03485,0.00525
606.814,1.85,854.30536,0.00466
607.271,1.83,854.57581,0.00408
607.729,1.82,854.84631,0.00554
608.186,1.82,855.11676,0.00379
608.643,1.82,855.38721,0.00525
609.1,1.82,855.65771,0.00292
609.558,1.81,855.92816,0.00437
610.015,1.8,856.19861,0.00408
610.472,1.79,856.46899,0.00408
610.929,1.78,856.73944,0.00379
611.386,1.78,857.00989,0.00437
611.843,1.78,857.28027,0.00525
612.3,1.76,857.55066,0.0035
612.757,1.77,857.82111,0.00292
613.214,1.76,858.09149,0.00554
613.671,1.76,858.36188,0.00292
614.128,1.75,858.63226,0.0035
614.585,1.74,858.90265,0.0035
615.042,1.74,859.17297,0.00204
615.499,1.74,859.44336,0.00321
615.955,1.73,859.71368,0.00321
616.412,1.73,859.98407,0.00321
616.869,1.71,860.25439,0.00175
617.326,1.71,860.52472,0.00321
617.782,1.71,860.79504,0.00496
618.239,1.7,861.06537,0.0035
618.696,1.7,861.33569,0.00379
619.152,1.69,861.60596,0.0035
619.609,1.68,861.87628,0.00379
620.066,1.68,862.14655,0.00292
620.522,1.69,862.41681,0.00379
620.979,1.67,862.68713,0.00379
621.435,1.66,862.9574,0.00408
621.892,1.66,863.22766,0.00379
622.348,1.65,863.49786,0.00292
622.804,1.65,863.76813,0.00466
623.261,1.65,864.03839,0.00175
623.717,1.63,864.30859,0.00321
624.173,1.64,864.57886,0.00146
624.63,1.64,864.84906,0.00437
625.086,1.62,865.11926,0.00379
625.542,1.61,865.38947,0.00408
625.999,1.63,865.65967,0.00321
626.455,1.6,865.92987,0.0035
626.911,1.61,866.20001,0.00233
627.367,1.6,866.47021,0.00379
627.823,1.59,866.74036,0.00175
628.279,1.58,867.01056,0.00496
628.735,1.59,867.2807,0.00437
629.191,1.57,867.55084,0.00292
629.647,1.56,867.82098,0.00437
630.103,1.58,868.09113,0.00525
630.559,1.57,868.36127,0.00321
631.015,1.56,868.63135,0.00496
631.471,1.57,868.90149,0.00262
631.927,1.55,869.17157,0.00379
632.383,1.53,869.44165,0.00321
632.839,1.54,869.71173,0.00262
633.294,1.54,869.98181,0.00117
633.75,1.53,870.25189,0.00292
634.206,1.53,870.52197,0.00408
634.662,1.52,870.79205,0.00292
635.117,1.52,871.06207,0.00233
635.573,1.52,871.33215,0.00292
636.029,1.51,871.60217,0.00233
636.484,1.51,871.87219,0.00321
636.94,1.51,872.14221,0.0035
637.395,1.49,872.41223,0.00437
637.851,1.49,872.68225,0.000875
638.306,1.49,872.95227,0.00233
638.762,1.48,873.22223,0.00262
639.217,1.48,873.49225,0.00292
639.673,1.48,873.76221,0.00321
640.128,1.47,874.03217,0.00292
640.583,1.47,874.30219,0.00437
641.039,1.47,874.57214,0.00233
641.494,1.47,874.84204,0.00146
641.949,1.46,875.112,0.00379
642.404,1.46,875.38196,0.0035
642.86,1.46,875.65186,0.00262
643.315,1.45,875.92181,0.00175
643.77,1.45,876.19171,0.00262
644.225,1.44,876.46161,0.0035
644.68,1.43,876.73151,0.0035
645.135,1.43,877.0014,0.000875
645.59,1.44,877.2713,0.00262
646.045,1.42,877.54114,0.00292
646.5,1.42,877.81104,0.00175
646.955,1.42,878.08087,0.0035
647.41,1.41,878.35077,0.00146
647.865,1.41,878.62061,0.000292
648.32,1.41,878.89044,0.000583
648.775,1.41,879.16028,0.00233
649.23,1.4,879.43011,0.00292
649.684,1.4,879.69989,0.00146
650.139,1.39,879.96973,0.00321
650.594,1.39,880.2395,0.00233
651.049,1.39,880.50934,0.00146
651.503,1.38,880.77911,0.00175
651.958,1.38,881.04889,0.00146
652.413,1.38,881.31866,0.00437
652.867,1.37,881.58844,0.00321
653.322,1.37,881.85815,0.00204
653.776,1.37,882.12793,0.00204
654.231,1.36,882.39764,0.00262
654.685,1.36,882.66742,0.00233
655.14,1.36,882.93713,0.00146
655.594,1.35,883.20685,0.000875
656.049,1.35,883.47656,0.00292
656.503,1.34,883.74628,0.00379
656.958,1.34,884.01593,0.00321
657.412,1.33,884.28564,0.00146
657.866,1.33,884.5553,0.00204
658.32,1.33,884.82501,0.00262
658.775,1.32,885.09467,0.000875
659.229,1.32,885.36432,0.00379
659.683,1.32,885.63397,0.000292
660.137,1.31,885.90363,0.00233
660.591,1.31,886.17328,0.00321
661.045,1.32,886.44287,0.00262
661.5,1.3,886.71252,0.00175
661.954,1.3,886.98212,0.00292
662.408,1.3,887.25171,0.000875
662.862,1.3,887.5213,0.00233
663.316,1.29,887.79089,0.00262
663.769,1.29,888.06049,0.00175
664.223,1.29,888.33008,0.00292
664.677,1.28,888.59961,0.00233
665.131,1.29,888.8692,-0.000875
665.585,1.28,,
666.039,1.27,,
666.492,1.27,,
666.946,1.27,,
667.4,1.26,,
667.854,1.26,,
668.307,1.26,,
668.761,1.26,,
669.215,1.26,,
669.668,1.26,,
670.122,1.25,,
670.575,1.25,,
671.029,1.24,,
671.482,1.24,,
671.936,1.24,,
672.389,1.23,,
672.842,1.23,,
673.296,1.23,,
673.749,1.23,,
674.202,1.23,,
674.655,1.22,,
675.109,1.22,,
675.562,1.22,,
676.015,1.22,,
676.468,1.21,,
676.921,1.21,,
677.374,1.21,,
677.827,1.2,,
678.281,1.2,,
678.734,1.2,,
679.187,1.2,,
679.639,1.19,,
680.092,1.19,,
680.545,1.19,,
680.998,1.19,,
681.451,1.19,,
681.904,1.18,,
682.357,1.18,,
682.809,1.18,,
683.262,1.17,,
683.715,1.17,,
684.167,1.18,,
684.62,1.17,,
685.073,1.17,,
685.525,1.16,,
685.978,1.16,,
686.43,1.16,,
686.883,1.16,,
687.335,1.15,,
687.788,1.15,,
688.24,1.16,,
688.692,1.15,,
689.145,1.14,,
689.597,1.15,,
690.049,1.14,,
690.502,1.14,,
690.954,1.14,,
691.406,1.13,,
691.858,1.14,,
692.31,1.13,,
692.762,1.13,,
693.215,1.13,,
693.667,1.13,,
694.119,1.12,,
694.571,1.12,,
695.023,1.12,,
695.475,1.12,,
695.926,1.11,,
696.378,1.12,,
696.83,1.11,,
697.282,1.11,,
697.734,1.11,,
698.186,1.11,,
698.637,1.11,,
699.089,1.11,,
699.541,1.1,,
699.992,1.1,,
700.444,1.1,,
700.896,1.1,,
701.347,1.09,,
701.799,1.09,,
702.25,1.09,,
702.702,1.09,,
703.153,1.09,,
703.605,1.08,,
704.056,1.08,,
704.507,1.08,,
704.959,1.08,,
705.41,1.08,,
705.861,1.07,,
706.312,1.07,,
706.764,1.07,,
707.215,1.07,,
707.666,1.07,,
708.117,1.07,,
708.568,1.07,,
709.019,1.07,,
709.47,1.06,,
709.921,1.06,,
710.372,1.06,,
710.823,1.05,,
711.274,1.06,,
711.725,1.05,,
712.176,1.06,,
712.627,1.05,,
713.078,1.05,,
713.528,1.05,,
713.979,1.04,,
714.43,1.04,,
714.881,1.05,,
715.331,1.04,,
715.782,1.04,,
716.233,1.04,,
716.683,1.04,,
717.134,1.03,,
717.584,1.04,,
718.035,1.03,,
718.485,1.03,,
718.936,1.03,,
719.386,1.03,,
719.836,1.03,,
720.287,1.02,,
720.737,1.02,,
721.187,1.02,,
721.637,1.02,,
722.088,1.01,,
722.538,1.01,,
722.988,1.01,,
723.438,1.01,,
723.888,1.01,,
724.338,1.01,,
724.788,1.01,,
725.238,1,,
725.688,1,,
726.138,1,,
726.588,1,,
727.038,1,,
727.488,0.99,,
727.938,0.99,,
728.388,0.99,,
728.837,0.99,,
729.287,0.99,,
729.737,0.99,,
730.187,0.99,,
730.636,0.99,,
731.086,0.99,,
731.535,0.98,,
731.985,0.98,,
732.434,0.98,,
732.884,0.97,,
733.333,0.97,,
733.783,0.97,,
734.232,0.96,,
734.682,0.96,,
735.131,0.96,,
735.58,0.96,,
736.03,0.95,,
736.479,0.95,,
736.928,0.95,,
737.377,0.94,,
737.827,0.94,,
738.276,0.93,,
738.725,0.93,,
739.174,0.93,,
739.623,0.92,,
740.072,0.91,,
740.521,0.91,,
740.97,0.91,,
741.419,0.9,,
741.868,0.9,,
742.317,0.89,,
742.766,0.88,,
743.214,0.88,,
743.663,0.87,,
744.112,0.86,,
744.561,0.85,,
745.009,0.84,,
745.458,0.84,,
745.907,0.83,,
746.355,0.82,,
746.804,0.81,,
747.252,0.8,,
747.701,0.79,,
748.149,0.78,,
748.598,0.77,,
749.046,0.76,,
749.495,0.74,,
749.943,0.74,,
750.391,0.72,,
750.84,0.71,,
751.288,0.7,,
751.736,0.68,,
752.184,0.67,,
752.632,0.66,,
753.081,0.64,,
753.529,0.63,,
753.977,0.62,,
754.425,0.6,,
754.873,0.59,,
755.321,0.57,,
755.769,0.56,,
756.217,0.54,,
756.665,0.53,,
757.113,0.51,,
757.56,0.5,,
758.008,0.48,,
758.456,0.47,,
758.904,0.45,,
759.351,0.44,,
759.799,0.42,,
760.247,0.41,,
760.694,0.4,,
761.142,0.38,,
761.59,0.37,,
762.037,0.36,,
762.485,0.34,,
762.932,0.33,,
763.38,0.32,,
763.827,0.31,,
764.274,0.29,,
764.722,0.28,,
765.169,0.27,,
765.616,0.26,,
766.064,0.25,,
766.511,0.24,,
766.958,0.23,,
767.405,0.22,,
767.852,0.21,,
768.299,0.2,,
768.747,0.19,,
769.194,0.18,,
769.641,0.18,,
770.088,0.17,,
770.535,0.16,,
770.981,0.15,,
771.428,0.15,,
771.875,0.14,,
772.322,0.13,,
772.769,0.13,,
773.216,0.12,,
773.662,0.12,,
774.109,0.11,,
774.556,0.11,,
775.002,0.11,,
775.449,0.1,,
775.896,0.1,,
776.342,0.09,,
776.789,0.09,,
777.235,0.09,,
777.682,0.08,,
778.128,0.08,,
778.574,0.08,,
779.021,0.08,,
779.467,0.07,,
779.913,0.07,,
780.36,0.07,,
780.806,0.07,,
781.252,0.06,,
781.698,0.06,,
782.144,0.06,,
782.591,0.06,,
783.037,0.06,,
783.483,0.06,,
783.929,0.06,,
784.375,0.06,,
784.821,0.05,,
785.267,0.05,,
785.713,0.05,,
786.158,0.05,,
786.604,0.05,,
787.05,0.05,,
787.496,0.05,,
787.942,0.05,,
788.387,0.05,,
788.833,0.05,,
789.279,0.05,,
789.724,0.05,,
790.17,0.05,,
790.615,0.05,,
791.061,0.05,,
791.506,0.05,,
791.952,0.05,,
792.397,0.06,,
792.843,0.05,,
793.288,0.06,,
793.733,0.06,,
794.179,0.06,,
794.624,0.06,,
795.069,0.06,,
795.514,0.06,,
795.96,0.06,,
796.405,0.06,,
796.85,0.06,,
797.295,0.06,,
797.74,0.06,,
798.185,0.06,,
798.63,0.06,,
799.075,0.06,,
799.52,0.06,,
799.965,0.06,,
800.41,0.06,,
800.854,0.06,,
801.299,0.06,,
801.744,0.07,,
802.189,0.06,,
802.633,0.07,,
803.078,0.07,,
803.523,0.07,,
803.967,0.07,,
804.412,0.07,,
804.856,0.07,,
805.301,0.07,,
805.745,0.07,,
806.19,0.07,,
806.634,0.07,,
807.079,0.07,,
807.523,0.07,,
807.967,0.07,,
808.412,0.07,,
808.856,0.07,,
809.3,0.08,,
809.744,0.08,,
810.188,0.08,,
810.633,0.08,,
811.077,0.08,,
811.521,0.08,,
811.965,0.08,,
812.409,0.08,,
812.853,0.08,,
813.297,0.08,,
813.741,0.08,,
814.184,0.08,,
814.628,0.08,,
815.072,0.08,,
815.516,0.08,,
815.96,0.08,,
816.403,0.08,,
816.847,0.09,,
817.291,0.08,,
817.734,0.08,,
818.178,0.08,,
818.621,0.09,,
819.065,0.08,,
819.508,0.08,,
819.952,0.09,,
820.395,0.09,,
820.839,0.09,,
821.282,0.09,,
821.725,0.09,,
822.169,0.09,,
822.612,0.09,,
823.055,0.09,,
823.498,0.09,,
823.941,0.09,,
824.385,0.09,,
824.828,0.09,,
825.271,0.09,,
825.714,0.09,,
826.157,0.09,,
826.6,0.09,,
827.043,0.09,,
827.486,0.09,,
827.928,0.09,,
828.371,0.09,,
828.814,0.09,,
829.257,0.09,,
829.7,0.09,,
830.142,0.09,,
830.585,0.09,,
831.028,0.09,,
831.47,0.09,,
831.913,0.09,,
832.355,0.09,,
832.798,0.09,,
833.24,0.09,,
833.683,0.09,,
834.125,0.09,,
834.568,0.09,,
835.01,0.09,,
835.452,0.09,,
835.895,0.09,,
836.337,0.09,,
836.779,0.09,,
837.221,0.09,,
837.663,0.08,,
838.106,0.09,,
838.548,0.09,,
838.99,0.08,,
839.432,0.08,,
839.874,0.08,,
840.316,0.08,,
840.758,0.08,,
841.199,0.08,,
841.641,0.08,,
842.083,0.08,,
842.525,0.08,,
842.967,0.08,,
843.408,0.08,,
843.85,0.08,,
844.292,0.08,,
844.733,0.08,,
845.175,0.08,,
845.617,0.08,,
846.058,0.08,,
846.5,0.08,,
846.941,0.08,,
847.383,0.08,,
847.824,0.07,,
848.265,0.07,,
848.707,0.07,,
849.148,0.07,,
849.589,0.07,,
850.03,0.07,,
850.472,0.07,,
850.913,0.07,,
851.354,0.07,,
851.795,0.07,,
852.236,0.07,,
852.677,0.07,,
853.118,0.07,,
853.559,0.07,,
854,0.07,,
854.441,0.06,,
854.882,0.06,,
855.323,0.06,,
855.764,0.06,,
856.204,0.06,,
856.645,0.06,,
857.086,0.06,,
857.526,0.06,,
857.967,0.06,,
858.408,0.06,,
858.848,0.06,,
859.289,0.06,,
859.729,0.06,,
860.17,0.06,,
860.61,0.05,,
861.051,0.05,,
861.491,0.05,,
861.931,0.05,,
862.372,0.05,,
862.812,0.05,,
863.252,0.05,,
863.692,0.05,,
864.133,0.05,,
864.573,0.05,,
865.013,0.05,,
865.453,0.05,,
865.893,0.05,,
866.333,0.04,,
866.773,0.04,,
867.213,0.04,,
867.653,0.04,,
868.093,0.04,,
868.532,0.04,,
868.972,0.04,,
869.412,0.04,,
869.852,0.04,,
870.291,0.04,,
870.731,0.04,,
871.171,0.04,,
871.61,0.04,,
872.05,0.04,,
872.49,0.04,,
872.929,0.04,,
873.368,0.03,,
873.808,0.03,,
874.247,0.03,,
874.687,0.03,,
875.126,0.03,,
875.565,0.03,,
876.005,0.03,,
876.444,0.03,,
876.883,0.03,,
877.322,0.03,,
877.761,0.03,,
878.2,0.03,,
878.64,0.02,,
879.079,0.02,,
879.518,0.02,,
879.957,0.02,,
880.395,0.02,,
880.834,0.02,,
881.273,0.02,,
881.712,0.02,,
882.151,0.02,,
882.59,0.02,,
883.028,0.02,,
883.467,0.02,,
883.906,0.02,,
884.344,0.02,,
884.783,0.02,,
885.221,0.01,,
885.66,0.01,,
886.098,0.01,,
886.537,0.01,,
886.975,0.01,,
887.414,0.01,,
887.852,0.01,,
888.29,0.01,,
888.729,0.01,,
889.167,0.01,,
889.605,0.01,,
890.043,0.01,,
890.481,0.01,,
890.92,0.01,,
891.358,0.01,,
891.796,0.01,,
892.234,0.01,,
892.672,0,,
893.11,0,,
893.548,0,,
893.985,0,,
894.423,0,,
894.861,0,,
895.299,0,,
895.737,0,,
896.174,0,,
896.612,0,,
897.05,0,,
897.487,0,,
897.925,0,,
898.362,0,,
898.8,0,,
899.237,0,,
899.675,0,,
900.112,0,,
900.549,0,,
900.987,0,,
901.424,0,,
901.861,0,,
902.299,0,,
902.736,0,,
903.173,0,,
903.61,0,,
904.047,0,,
904.484,0,,
904.921,0,,
905.358,0,,
905.795,0,,
906.232,0,,
906.669,0,,
907.106,0,,
907.543,0,,
907.979,0,,
908.416,0,,
908.853,0,,
909.289,0,,
909.726,0,,
910.163,0,,
910.599,0,,
911.036,0,,
911.472,0,,
911.909,0,,
912.345,0,,
912.782,0,,
913.218,0,,
913.654,0,,
914.091,0,,
914.527,0,,
914.963,0,,
915.399,0,,
915.835,0,,
916.272,0,,
916.708,0,,
917.144,0,,
917.58,0,,
918.016,0,,
918.452,0,,
918.888,0,,
919.323,0.01,,
919.759,0.01,,
920.195,0.01,,
920.631,0.01,,
921.067,0.01,,
921.502,0.01,,
921.938,0.01,,
922.374,0.01,,
922.809,0.01,,
923.245,0.01,,
923.68,0.01,,
924.116,0.01,,
924.551,0.01,,
924.987,0.01,,
925.422,0.01,,
925.857,0.01,,
926.293,0.01,,
926.728,0.01,,
927.163,0.01,,
927.598,0.02,,
928.033,0.02,,
928.469,0.02,,
928.904,0.02,,
929.339,0.02,,
929.774,0.02,,
930.209,0.02,,
930.644,0.02,,
931.079,0.02,,
931.514,0.02,,
931.948,0.02,,
932.383,0.02,,
932.818,0.02,,
933.253,0.02,,
933.688,0.02,,
934.122,0.02,,
934.557,0.03,,
934.991,0.03,,
935.426,0.03,,
935.861,0.03,,
936.295,0.03,,
936.73,0.03,,
937.164,0.03,,
937.598,0.03,,
938.033,0.03,,
938.467,0.03,,
938.901,0.03,,
939.336,0.03,,
939.77,0.03,,
940.204,0.03,,
940.638,0.03,,
941.072,0.03,,
941.506,0.04,,
941.94,0.04,,
942.374,0.04,,
942.808,0.04,,
943.242,0.04,,
943.676,0.04,,
944.11,0.04,,
944.544,0.04,,
944.978,0.04,,
945.411,0.04,,
945.845,0.04,,
946.279,0.04,,
946.713,0.04,,
947.146,0.04,,
947.58,0.05,,
948.013,0.05,,
948.447,0.05,,
948.88,0.05,,
949.314,0.05,,
949.747,0.05,,
950.18,0.05,,
950.614,0.05,,
951.047,0.05,,
951.48,0.05,,
951.914,0.05,,
952.347,0.05,,
952.78,0.05,,
953.213,0.06,,
953.646,0.06,,
954.079,0.06,,
954.512,0.06,,
954.945,0.06,,
955.378,0.06,,
955.811,0.06,,
956.244,0.06,,
956.677,0.06,,
957.109,0.07,,
957.542,0.06,,
957.975,0.07,,
958.408,0.07,,
958.84,0.07,,
959.273,0.07,,
959.705,0.07,,
960.138,0.07,,
960.57,0.07,,
961.003,0.07,,
961.435,0.07,,
961.868,0.07,,
962.3,0.08,,
962.732,0.08,,
963.165,0.08,,
963.597,0.08,,
964.029,0.08,,
964.461,0.08,,
964.894,0.08,,
965.326,0.08,,
965.758,0.08,,
966.19,0.08,,
966.622,0.08,,
967.054,0.08,,
967.486,0.08,,
967.918,0.08,,
968.349,0.08,,
968.781,0.08,,
969.213,0.09,,
969.645,0.09,,
970.076,0.09,,
970.508,0.09,,
970.94,0.09,,
971.371,0.09,,
971.803,0.09,,
972.234,0.09,,
972.666,0.09,,
973.097,0.09,,
973.529,0.09,,
973.96,0.09,,
974.392,0.09,,
974.823,0.09,,
975.254,0.1,,
975.685,0.1,,
976.117,0.1,,
976.548,0.1,,
976.979,0.1,,
977.41,0.1,,
977.841,0.1,,
978.272,0.1,,
978.703,0.1,,
979.134,0.1,,
979.565,0.1,,
979.996,0.1,,
980.427,0.1,,
980.857,0.1,,
981.288,0.11,,
981.719,0.1,,
982.15,0.1,,
982.58,0.11,,
983.011,0.11,,
983.441,0.11,,
983.872,0.11,,
984.302,0.11,,
984.733,0.11,,
985.163,0.11,,
985.594,0.11,,
986.024,0.11,,
986.454,0.11,,
986.885,0.11,,
987.315,0.11,,
987.745,0.11,,
988.175,0.11,,
988.605,0.11,,
989.036,0.11,,
989.466,0.11,,
989.896,0.11,,
990.326,0.11,,
990.756,0.12,,
991.185,0.11,,
991.615,0.11,,
992.045,0.12,,
992.475,0.12,,
992.905,0.11,,
993.335,0.12,,
993.764,0.12,,
994.194,0.12,,
994.623,0.12,,
995.053,0.11,,
995.483,0.12,,
995.912,0.12,,
996.342,0.12,,
996.771,0.12,,
997.2,0.12,,
997.63,0.12,,
998.059,0.12,,
998.488,0.12,,
998.918,0.12,,
999.347,0.12,,
999.776,0.12,,
1000.205,0.12,,
1000.634,0.12,,
1001.063,0.12,,
1001.492,0.12,,
1001.921,0.12,,
1002.35,0.12,,
1002.779,0.12,,
1003.208,0.12,,
1003.637,0.12,,
1004.066,0.12,,
1004.495,0.12,,
1004.923,0.12,,
1005.352,0.12,,
1005.781,0.12,,
1006.209,0.12,,
1006.638,0.12,,
1007.066,0.12,,
1007.495,0.12,,
1007.923,0.12,,
1008.352,0.12,,
1008.78,0.12,,
1009.209,0.12,,
1009.637,0.12,,
1010.065,0.12,,
1010.493,0.12,,
1010.922,0.12,,
1011.35,0.12,,
1011.778,0.12,,
1012.206,0.12,,
1012.634,0.12,,
1013.062,0.12,,
1013.49,0.12,,
1013.918,0.12,,
1014.346,0.12,,
1014.774,0.12,,
1015.202,0.12,,
1015.629,0.12,,
1016.057,0.12,,
1016.485,0.12,,
1016.913,0.12,,
1017.34,0.12,,
1017.768,0.12,,
1018.195,0.12,,
1018.623,0.12,,
1019.05,0.12,,
1019.478,0.12,,
1019.905,0.12,,
1020.333,0.12,,
1020.76,0.12,,
1021.187,0.12,,
1021.615,0.12,,
1022.042,0.12,,
1022.469,0.12,,
1022.896,0.12,,
1023.323,0.12,,
1023.75,0.12,,
1024.177,0.12,,
1024.604,0.12,,
1025.031,0.12,,
1025.458,0.12,,
1025.885,0.12,,
1026.312,0.12,,
1026.739,0.12,,
1027.166,0.12,,
1027.592,0.12,,
1028.019,0.11,,
1028.446,0.11,,
1028.872,0.11,,
1029.299,0.11,,
1029.726,0.11,,
1030.152,0.11,,
1030.579,0.11,,
1031.005,0.11,,
1031.431,0.11,,
1031.858,0.11,,
1032.284,0.11,,
1032.71,0.11,,
1033.137,0.11,,
1033.563,0.11,,
1033.989,0.11,,
1034.415,0.11,,
1034.841,0.11,,
1035.267,0.11,,
1035.693,0.11,,
1036.119,0.11,,
1036.545,0.11,,
1036.971,0.11,,
1037.397,0.11,,
1037.823,0.1,,
1038.249,0.1,,
1038.674,0.1,,
1039.1,0.1,,
1039.526,0.1,,
1039.951,0.11,,
1040.377,0.1,,
1040.802,0.1,,
1041.228,0.1,,
1041.653,0.1,,
1042.079,0.1,,
1042.504,0.1,,
1042.93,0.1,,
1043.355,0.1,,
1043.78,0.1,,
1044.206,0.1,,
1044.631,0.1,,
1045.056,0.1,,
1045.481,0.09,,
1045.906,0.09,,
1046.331,0.1,,
1046.756,0.09,,
1047.181,0.09,,
1047.606,0.09,,
1048.031,0.09,,
1048.456,0.09,,
1048.881,0.1,,
1049.306,0.09,,
1049.73,0.08,,
1050.155,0.09,,
1050.58,0.09,,
1051.004,0.09,,
1051.429,0.09,,
1051.854,0.09,,
1052.278,0.08,,
1052.703,0.09,,
1053.127,0.08,,
1053.551,0.08,,
1053.976,0.08,,
1054.4,0.08,,
1054.824,0.08,,
1055.249,0.08,,
1055.673,0.08,,
1056.097,0.08,,
1056.521,0.08,,
1056.945,0.07,,
1057.369,0.07,,
1057.793,0.08,,
1058.217,0.07,,
1058.641,0.07,,
1059.065,0.08,,
1059.489,0.07,,
1059.913,0.07,,
1060.337,0.08,,
1060.76,0.07,,
1061.184,0.07,,
1061.608,0.07,,
1062.031,0.06,,
1062.455,0.07,,
1062.879,0.07,,
1063.302,0.07,,
1063.726,0.07,,
1064.149,0.06,,
1064.572,0.07,,
1064.996,0.06,,
1065.419,0.06,,
1065.842,0.06,,
1066.266,0.05,,
1066.689,0.06,,
1067.112,0.06,,
1067.535,0.06,,
1067.958,0.05,,
1068.381,0.06,,
1068.804,0.06,,
1069.227,0.05,,
1069.65,0.05,,
1070.073,0.05,,
1070.496,0.05,,
1070.919,0.04,,
1071.341,0.05,,
1071.764,0.05,,
1072.187,0.04,,
1072.61,0.04,,
1073.032,0.04,,
1073.455,0.04,,
1073.877,0.05,,
1074.3,0.05,,
1074.722,0.04,,
1075.145,0.04,,
1075.567,0.04,,
1075.989,0.05,,
1076.412,0.04,,
1076.834,0.03,,
1077.256,0.04,,
1077.678,0.04,,
1078.101,0.04,,
1078.523,0.04,,
1078.945,0.03,,
1079.367,0.04,,
1079.789,0.05,,
1080.211,0.03,,
1080.633,0.03,,
1081.054,0.03,,
1081.476,0.04,,
1081.898,0.03,,
1082.32,0.03,,
1082.742,0.04,,
1083.163,0.03,,
1083.585,0.02,,
1084.006,0.03,,
1084.428,0.03,,
1084.85,0.02,,
1085.271,0.03,,
1085.692,0.03,,
1086.114,0.01,,
1086.535,0.01,,
1086.957,0.02,,
1087.378,0.01,,
1087.799,0.03,,
1088.22,0.01,,
1088.641,0.01,,
1089.063,0.02,,
1089.484,0.01,,
1089.905,0,,
1090.326,0.03,,
1090.747,0.02,,
1091.168,-0.01,,
1091.588,0.01,,
1092.009,0,,
1092.43,-0.02,,
1092.851,0.01,,
1093.272,0,,
1093.692,-0.01,,
1094.113,0.01,,
1094.533,-0.01,,
1094.954,0,,
1095.375,0.01,,
1095.795,0.01,,
1096.216,-0.01,,
1096.636,0,,
1097.056,-0.01,,
1097.477,-0.01,,
1097.897,0.02,,
1098.317,-0.01,,
1098.737,-0.02,,
1099.158,-0.01,,
1099.578,0,,
1099.998,-0.02,,
1100.418,0,,
1100.838,-0.01,,
1101.258,-0.02,,
1101.678,0,,
1102.098,-0.01,,
1102.517,-0.02,,
1102.937,0,,
1103.357,-0.01,,
1103.777,-0.02,,
1104.196,-0.01,,
1104.616,-0.01,,
1105.036,-0.01,,
1105.455,0.02,,
1105.875,-0.01,,
1106.294,-0.03,,
1106.714,-0.01,,
1107.133,-0.01,,
1107.552,-0.03,,
1107.972,-0.01,,
1108.391,0.01,,
1108.81,-0.03,,
1109.23,0,,
1109.649,-0.02,,
1110.068,-0.01,,
1110.487,-0.02,,
1110.906,0,,
1111.325,-0.04,,
1111.744,-0.01,,
1112.163,-0.03,,
1112.582,-0.06,,
1113.001,-0.03,,
